{
  "vitest.config.ts": 1775757415.5055614,
  "scripts\\run-blueprint.ts": 1772502404.3426268,
  "src\\cli.tsx": 1775757339.2494452,
  "src\\index.tsx": 1772501907.4522252,
  "src\\adapters\\base.ts": 1775755599.7683885,
  "src\\adapters\\claude.ts": 1775755621.8541389,
  "src\\adapters\\codex.ts": 1775755622.3819308,
  "src\\adapters\\gemini.ts": 1775755622.758726,
  "src\\adapters\\index.ts": 1772425225.3085864,
  "src\\adapters\\types.ts": 1775755601.5239425,
  "src\\blueprints\\implement-feature.ts": 1775757374.747603,
  "src\\blueprints\\index.ts": 1775744061.679537,
  "src\\engine\\agentic-executor.ts": 1775743986.1596367,
  "src\\engine\\completion.ts": 1775756651.1437912,
  "src\\engine\\contracts.ts": 1775743910.7474153,
  "src\\engine\\deterministic-executor.ts": 1772501653.830582,
  "src\\engine\\index.ts": 1775756916.9790812,
  "src\\engine\\local-runner-options.ts": 1775756719.4556906,
  "src\\engine\\runner.test.ts": 1776698801.082653,
  "src\\engine\\runner.ts": 1776698785.9968352,
  "src\\engine\\state.ts": 1772501601.4672675,
  "src\\engine\\telemetry.ts": 1775743925.5282695,
  "src\\engine\\types.ts": 1775743942.408294,
  "src\\engine\\validate.test.ts": 1775757415.1736746,
  "src\\engine\\validate.ts": 1775755596.7974262,
  "src\\engine\\context\\local-context-assembler.ts": 1775756696.0187387,
  "src\\engine\\verifiers\\composite.ts": 1772501794.4600637,
  "src\\engine\\verifiers\\diff.ts": 1772501775.1618557,
  "src\\engine\\verifiers\\gates.ts": 1775744019.856466,
  "src\\engine\\verifiers\\git.ts": 1772501763.8148851,
  "src\\engine\\verifiers\\index.ts": 1775744026.3071375,
  "src\\engine\\verifiers\\lint.ts": 1772501749.0729265,
  "src\\engine\\verifiers\\test.ts": 1772501754.4866774,
  "src\\engine\\verifiers\\types.ts": 1775744010.639703,
  "src\\isolation\\index.ts": 1772501446.169011,
  "src\\isolation\\worktree.ts": 1772501441.7115657,
  "src\\runtime\\pty.ts": 1775755599.2153065,
  "src\\tui\\App.tsx": 1775756941.574921,
  "src\\tui\\BlueprintView.tsx": 1775756971.4287202,
  "BLUEPRINT_DESIGN.md": 1775765928.933048,
  "CHANGELOG.md": 1775765929.0412118,
  "GROUND_RULES.md": 1775765928.986865,
  "LINKEDIN_JOURNEY_NOTES.md": 1775765928.6466043,
  "LOCAL_FIRST_AUTONOMY_SPEC.md": 1775765928.703104,
  "LOCAL_FIRST_DELIVERY_ROADMAP.md": 1775765928.7642543,
  "PRD.md": 1775765928.8170557,
  "progress.txt": 1772425403.823731,
  "RESEARCH_FINDINGS.md": 1775765928.8756185,
  "CLAUDE_CODE_CLEANUP_HARNESS_SOP\\FAQ.md": 1774959205.4734535,
  "CLAUDE_CODE_CLEANUP_HARNESS_SOP\\README.md": 1774959919.632666,
  "CLAUDE_CODE_CLEANUP_HARNESS_SOP\\product-files\\CLAUDE_CODE_CLEANUP_SOP.md": 1774959789.474059,
  "CLAUDE_CODE_CLEANUP_HARNESS_SOP\\product-files\\ONE_PAGE_CHECKLIST.md": 1774959807.741148,
  "CLAUDE_CODE_CLEANUP_HARNESS_SOP\\prompts\\AUDIT_APPLY_COMMAND.md": 1774959845.871309,
  "CLAUDE_CODE_CLEANUP_HARNESS_SOP\\prompts\\AUDIT_PLAN_COMMAND.md": 1774959828.0451653,
  "CLAUDE_CODE_CLEANUP_HARNESS_SOP\\prompts\\REINTRODUCTION_REVIEW_PROMPT.md": 1774959126.5242884,
  "CLAUDE_CODE_CLEANUP_HARNESS_SOP\\templates\\CAPABILITY_MAP_TEMPLATE.md": 1774959872.4420304,
  "CLAUDE_CODE_CLEANUP_HARNESS_SOP\\templates\\DECISION_LOG_TEMPLATE.md": 1774959181.75754,
  "CLAUDE_CODE_CLEANUP_HARNESS_SOP\\templates\\FINAL_STATE_TEMPLATE.md": 1774959900.754643,
  "CLAUDE_CODE_CLEANUP_HARNESS_SOP\\templates\\MIGRATION_PLAN_TEMPLATE.md": 1774959895.3458996,
  "CLAUDE_CODE_CLEANUP_HARNESS_SOP\\templates\\ROLLBACK_GUIDE_TEMPLATE.md": 1774959909.5457149,
  "CLAUDE_CODE_CLEANUP_HARNESS_SOP\\templates\\SETUP_AUDIT_TEMPLATE.md": 1774959861.0894902,
  "CLAUDE_CODE_CLEANUP_HARNESS_SOP\\templates\\TARGET_ARCHITECTURE_TEMPLATE.md": 1774959889.4850233
}